#∂a∂i	SNP	input	file	generated	with	radiator	v.1.1.5	20200511@1313
IN_GROUP	OUT_GROUP	Allele1	JCA	JFR	Allele2	JCA	JFR	MARKERS
---	---	T	0	100	C	12	0	1__10034__727272
---	---	C	12	87	T	0	29	1__10047__728215
---	---	C	6	57	T	14	47	1__10180__737823
---	---	T	1	67	G	11	33	1__1034__74953
---	---	T	0	55	A	12	45	1__10347__749950
---	---	G	0	6	A	12	94	1__10394__753371
---	---	G	9	67	T	3	33	1__10455__757796
---	---	A	12	3	C	0	97	1__10478__759490
---	---	G	12	38	T	0	70	1__10481__759659
---	---	G	12	80	C	0	20	1__10572__766306
---	---	A	12	89	T	0	11	1__10611__769128
---	---	T	3	22	C	13	90	1__10618__769622
---	---	C	12	54	T	0	50	1__10632__770629
---	---	A	0	99	C	12	1	1__10664__772927
---	---	G	3	62	A	13	50	1__1069__77506
---	---	C	3	88	T	13	12	1__1095__79388
---	---	C	12	13	T	0	87	1__10961__794454
---	---	A	12	83	G	0	17	1__11085__803439
---	---	G	12	31	A	0	69	1__11190__811045
---	---	G	0	74	A	12	30	1__11281__817667
---	---	T	0	99	A	12	1	1__11336__821607
---	---	C	0	4	A	12	96	1__11359__823289
---	---	T	13	21	G	3	79	1__11365__823720
---	---	G	13	0	T	3	100	1__11384__825091
---	---	C	0	100	T	12	0	1__11397__826082
---	---	C	12	81	T	0	19	1__11550__837102
---	---	A	12	74	G	0	26	1__11564__838124
---	---	A	12	10	T	0	90	1__118__8540
---	---	A	12	18	G	0	82	1__11813__856203
---	---	A	3	101	G	13	3	1__11834__857687
---	---	T	12	70	G	0	30	1__11845__858539
---	---	A	0	94	G	12	10	1__11936__865077
---	---	A	12	79	G	0	21	1__11940__865376
---	---	C	12	0	G	0	100	1__11942__865568
---	---	G	12	0	A	0	100	1__1196__86725
---	---	C	0	101	G	12	3	1__1215__88103
---	---	C	13	90	G	3	14	1__12169__881968
---	---	A	0	100	T	12	0	1__12268__889170
---	---	C	12	84	T	0	16	1__12311__892271
---	---	G	0	100	A	12	0	1__12375__896936
---	---	A	0	86	C	12	14	1__12406__899136
---	---	T	0	10	G	12	90	1__1250__90590
---	---	G	0	100	A	12	0	1__12592__912651
---	---	A	12	0	T	0	100	1__12683__919197
---	---	G	12	53	A	0	59	1__12712__921326
---	---	A	12	41	T	0	63	1__12767__925306
---	---	C	0	100	T	12	0	1__12852__931461
---	---	G	6	102	A	6	6	1__12903__935143
---	---	T	12	89	C	0	11	1__13005__942518
---	---	A	12	78	G	0	22	1__13101__949488
---	---	A	0	29	G	12	71	1__13170__954507
---	---	T	0	97	A	12	3	1__13265__961391
---	---	C	0	100	T	12	0	1__13275__962084
---	---	T	0	9	G	12	91	1__13370__968989
---	---	G	0	100	A	12	0	1__13483__977130
---	---	A	12	26	G	0	74	1__13511__979166
---	---	C	13	98	G	3	2	1__13514__979401
---	---	A	13	50	G	3	50	1__13540__981245
---	---	C	3	59	T	9	41	1__13612__986507
---	---	A	0	37	T	12	63	1__13640__988521
---	---	G	12	10	A	0	102	1__13671__990760
---	---	G	12	0	A	0	100	1__13805__1000469
---	---	A	13	18	C	3	82	1__13943__1010437
---	---	T	13	79	C	3	29	1__13976__1012873
---	---	A	0	100	G	12	0	1__13982__1013323
---	---	G	3	99	A	13	1	1__13992__1014032
---	---	T	12	82	C	0	18	1__14036__1017189
---	---	A	12	51	C	0	49	1__14041__1017542
---	---	C	13	51	T	3	49	1__14096__1021545
---	---	T	0	59	C	12	41	1__14099__1021778
---	---	C	12	97	G	0	3	1__14489__1050040
---	---	T	0	94	G	12	6	1__14518__1052121
---	---	A	12	27	G	0	73	1__14575__1056278
---	---	T	13	53	C	3	47	1__14584__1056915
---	---	A	0	76	T	12	24	1__14597__1057890
---	---	T	12	70	C	0	30	1__14708__1065893
---	---	A	12	103	G	0	13	1__14757__1069431
---	---	A	12	2	G	0	98	1__14951__1083524
---	---	A	13	33	G	3	67	1__15073__1092349
---	---	C	12	34	G	0	66	1__15075__1092496
---	---	C	5	71	T	7	29	1__15101__1094405
---	---	C	12	82	T	0	18	1__15107__1094780
---	---	A	12	83	C	0	17	1__15132__1096599
---	---	C	0	100	G	12	0	1__15145__1097559
---	---	C	12	13	T	0	87	1__15257__1105665
---	---	A	6	99	G	10	1	1__15260__1105932
---	---	T	12	46	A	0	54	1__15266__1106330
---	---	G	12	78	T	0	22	1__15274__1106929
---	---	C	0	101	T	12	3	1__15299__1108712
---	---	G	0	90	A	12	10	1__15301__1108900
---	---	A	12	3	G	0	97	1__15343__1111901
---	---	T	11	99	C	1	1	1__15363__1113368
---	---	C	12	103	A	0	13	1__154__11146
---	---	T	0	100	C	12	0	1__15425__1117889
---	---	T	12	84	G	0	16	1__15443__1119192
---	---	A	3	100	C	9	0	1__15505__1123700
---	---	T	12	68	A	0	32	1__15525__1125112
---	---	T	11	53	G	1	47	1__15555__1127303
---	---	C	12	62	T	0	42	1__15669__1135562
---	---	G	0	101	A	12	3	1__15673__1135875
---	---	A	12	60	G	0	40	1__15772__1143023
---	---	C	12	48	T	0	52	1__1580__114529
---	---	C	14	86	A	6	14	1__15847__1148487
---	---	A	12	60	T	0	40	1__15858__1149268
---	---	G	5	14	A	7	86	1__15873__1150319
---	---	G	7	29	C	5	75	1__15906__1152712
---	---	T	3	98	C	13	2	1__15918__1153625
---	---	A	12	10	G	0	102	1__15969__1157311
---	---	C	12	82	T	0	18	1__15997__1159358
---	---	C	12	57	G	0	47	1__1603__116213
---	---	C	12	97	T	0	3	1__16077__1165147
---	---	C	9	100	T	7	0	1__16129__1168887
---	---	C	0	100	T	12	0	1__16157__1170960
---	---	A	12	80	T	0	20	1__16161__1171240
---	---	C	12	78	T	0	34	1__16232__1176391
---	---	G	12	76	A	0	24	1__16258__1178262
---	---	A	12	78	G	0	22	1__16341__1184279
---	---	C	12	79	A	0	21	1__16374__1186657
---	---	G	0	13	A	12	87	1__1652__119752
---	---	C	12	76	A	0	24	1__16537__1198499
---	---	A	0	1	G	12	99	1__16640__1205961
---	---	G	12	21	A	0	79	1__16645__1206373
---	---	G	12	73	A	0	31	1__16693__1209831
---	---	G	12	79	A	0	21	1__16716__1211515
---	---	C	12	92	G	0	8	1__16787__1216640
---	---	T	0	94	C	12	6	1__16798__1217484
---	---	G	0	100	A	12	0	1__1682__121959
---	---	T	12	52	C	0	64	1__16866__1222402
---	---	G	12	0	A	0	100	1__1702__123379
---	---	C	13	38	T	3	62	1__17081__1238004
---	---	A	9	99	G	3	1	1__17104__1239669
---	---	T	12	72	C	0	28	1__17130__1241542
---	---	A	0	50	G	12	50	1__17149__1242909
---	---	G	12	4	A	0	96	1__17150__1243007
---	---	A	2	3	G	10	101	1__17173__1244633
---	---	C	12	4	T	0	96	1__17189__1245810
---	---	T	0	100	A	12	0	1__17234__1249091
---	---	T	12	98	C	0	2	1__17248__1250094
---	---	G	12	37	A	0	79	1__17282__1252530
---	---	T	12	81	A	0	19	1__17392__1260519
---	---	G	12	85	A	0	15	1__17406__1261558
---	---	A	0	39	G	12	65	1__17441__1264084
---	---	G	9	3	A	3	97	1__17443__1264260
---	---	T	10	103	C	2	9	1__17503__1268579
---	---	A	12	91	G	0	9	1__17550__1271968
---	---	T	12	69	C	0	31	1__17624__1277380
---	---	T	12	0	C	0	100	1__17639__1278418
---	---	C	12	0	A	0	100	1__17707__1283354
---	---	G	12	0	T	0	100	1__17786__1289076
---	---	G	12	0	A	0	100	1__17809__1290767
---	---	G	0	94	A	12	6	1__17815__1291196
---	---	G	12	51	A	0	53	1__1784__129337
---	---	G	4	100	T	8	0	1__17847__1293505
---	---	A	0	100	G	12	0	1__1788__129625
---	---	T	0	100	C	12	0	1__17909__1298027
---	---	A	12	73	G	0	39	1__17968__1302293
---	---	G	12	85	A	0	15	1__17976__1302895
---	---	C	0	100	T	12	0	1__18071__1309762
---	---	T	0	71	C	12	29	1__18076__1310110
---	---	G	12	0	A	0	100	1__18090__1311128
---	---	G	0	31	C	12	69	1__18216__1320302
---	---	C	12	84	T	0	24	1__18290__1325641
---	---	A	12	100	G	0	4	1__18299__1326322
---	---	G	12	0	A	0	100	1__18354__1330264
---	---	C	12	81	A	0	23	1__18375__1331784
---	---	G	12	68	T	0	32	1__18381__1332220
---	---	G	12	0	A	0	100	1__18411__1334424
---	---	C	12	80	A	0	20	1__18425__1335429
---	---	C	12	87	T	0	21	1__1846__133800
---	---	G	0	4	C	12	96	1__18492__1340317
---	---	T	12	0	C	0	100	1__18544__1344093
---	---	G	12	85	A	0	19	1__18560__1345255
---	---	G	12	85	A	0	15	1__18609__1348782
---	---	T	0	36	A	12	68	1__18620__1349606
---	---	T	6	62	C	10	42	1__18626__1350040
---	---	A	12	74	C	0	26	1__18718__1356719
---	---	T	12	85	A	0	19	1__1874__135841
---	---	C	1	100	T	11	0	1__18742__1358454
---	---	A	12	101	T	0	7	1__18764__1360032
---	---	G	0	100	A	12	0	1__18767__1360237
---	---	T	0	35	C	12	77	1__1889__136920
---	---	A	12	27	G	0	73	1__18891__1369234
---	---	C	0	29	T	12	71	1__18949__1373463
---	---	T	0	96	C	12	4	1__18962__1374379
---	---	A	12	47	G	0	53	1__19000__1377167
---	---	C	12	59	A	0	41	1__19003__1377395
---	---	C	0	73	G	12	27	1__19014__1378188
---	---	A	0	1	G	12	99	1__19050__1380754
---	---	C	12	78	G	0	22	1__19091__1383765
---	---	G	12	95	A	0	5	1__19094__1383942
---	---	G	3	100	A	13	0	1__19144__1387575
---	---	C	13	71	T	3	37	1__19153__1388224
---	---	A	12	42	G	0	58	1__19184__1390486
---	---	A	0	25	G	12	75	1__1924__139458
---	---	A	0	100	C	12	0	1__19247__1395066
---	---	A	0	100	T	12	0	1__19274__1396993
---	---	A	10	100	C	2	0	1__19325__1400719
---	---	A	12	80	T	0	20	1__19326__1400760
---	---	G	12	3	A	0	101	1__19419__1407492
---	---	C	12	86	T	0	18	1__19433__1408521
---	---	G	0	101	T	12	3	1__19479__1411881
---	---	C	11	53	A	1	51	1__19487__1412476
---	---	T	0	27	A	12	73	1__19491__1412770
---	---	G	12	7	T	0	101	1__19687__1426907
---	---	A	12	59	C	0	41	1__19727__1429802
---	---	A	12	0	G	0	100	1__19734__1430363
---	---	A	12	22	G	0	78	1__19745__1431145
---	---	C	13	85	T	3	15	1__19763__1432424
---	---	C	12	62	G	0	50	1__19812__1435985
---	---	G	12	50	A	0	50	1__19833__1437518
---	---	C	0	69	A	12	31	1__1985__143925
---	---	A	12	99	G	0	1	1__19868__1440027
---	---	A	0	101	G	12	3	1__19915__1443451
---	---	G	12	75	T	0	25	1__20044__1452789
---	---	G	12	6	C	0	94	1__2009__145637
---	---	G	12	1	T	0	99	1__20350__1474919
---	---	C	0	96	T	12	4	1__20409__1479241
---	---	T	12	81	C	0	19	1__20493__1485328
---	---	A	12	97	G	0	3	1__20496__1485535
---	---	C	12	1	T	0	99	1__20507__1486289
---	---	G	12	0	A	0	100	1__20547__1489194
---	---	C	0	100	A	12	0	1__207__14972
---	---	T	12	77	A	0	23	1__20767__1505151
---	---	C	12	0	T	0	100	1__20772__1505534
---	---	A	12	38	T	0	66	1__20811__1508332
---	---	C	12	75	T	0	33	1__20959__1519061
---	---	G	0	47	C	12	53	1__20962__1519238
---	---	G	0	65	A	12	43	1__21010__1522721
---	---	C	0	100	T	12	0	1__21110__1529990
---	---	G	12	24	A	0	76	1__21126__1531178
---	---	G	13	73	A	3	31	1__2116__153382
---	---	C	12	3	T	0	97	1__21163__1533874
---	---	G	12	50	A	0	50	1__212__15340
---	---	A	0	100	T	12	0	1__21241__1539463
---	---	T	5	100	A	7	0	1__2127__154198
---	---	C	12	99	T	0	1	1__21318__1545075
---	---	G	12	43	A	0	57	1__21336__1546357
---	---	C	6	6	T	14	98	1__21418__1552328
---	---	C	12	82	T	0	18	1__21440__1553933
---	---	A	0	56	G	12	56	1__21567__1563095
---	---	G	3	40	A	13	64	1__21577__1563828
---	---	C	12	0	T	0	100	1__21579__1564003
---	---	C	12	70	T	0	30	1__21631__1567775
---	---	T	12	60	C	0	40	1__21660__1569859
---	---	T	4	92	C	12	8	1__21726__1574652
---	---	C	12	94	T	0	6	1__2175__157687
---	---	C	0	8	T	12	92	1__21824__1581730
---	---	C	12	0	T	0	100	1__21834__1582462
---	---	A	3	100	G	13	0	1__21864__1584625
---	---	A	12	95	C	0	17	1__21879__1585708
---	---	C	12	6	T	0	94	1__21926__1589122
---	---	C	12	94	T	0	6	1__21965__1591976
---	---	G	12	12	A	0	88	1__21973__1592519
---	---	G	6	57	A	6	51	1__220050__15515813
---	---	G	12	45	T	0	55	1__22169__1606767
---	---	A	12	69	G	0	31	1__22170__1606822
---	---	C	0	101	T	12	3	1__22217__1610242
---	---	T	12	79	A	0	21	1__22292__1615680
---	---	A	12	77	G	0	35	1__22336__1618876
---	---	G	0	28	A	12	76	1__22356__1620305
---	---	C	12	59	T	0	41	1__22363__1620856
---	---	C	12	77	T	0	23	1__22419__1624859
---	---	T	12	30	G	0	78	1__22438__1626231
---	---	A	12	64	T	0	36	1__22462__1628001
---	---	T	0	4	C	12	96	1__22525__1632550
---	---	A	12	85	G	0	15	1__22529__1632846
---	---	C	12	16	A	0	88	1__22530__1632951
---	---	C	12	74	T	0	30	1__22674__1643404
---	---	G	0	65	A	12	35	1__22759__1649558
---	---	T	13	27	G	3	73	1__22812__1653406
---	---	C	12	89	A	0	23	1__2282__165424
---	---	A	13	79	C	3	37	1__22838__1655277
---	---	C	12	68	T	0	44	1__22847__1655916
---	---	C	12	15	T	0	85	1__2286__165729
---	---	G	12	85	A	0	15	1__22877__1658139
---	---	G	12	99	A	0	1	1__22885__1658680
---	---	T	12	3	A	0	101	1__22938__1662555
---	---	G	0	92	A	12	8	1__22944__1662983
---	---	A	0	58	G	12	42	1__22974__1665168
---	---	C	12	71	G	0	33	1__23035__1669590
---	---	A	12	61	G	0	47	1__23065__1671739
---	---	A	8	35	T	4	69	1__23117__1675563
---	---	G	0	62	A	12	38	1__23176__1679810
---	---	G	12	71	A	0	29	1__23184__1680417
---	---	G	0	101	A	12	3	1__23298__1688629
---	---	G	6	57	C	6	51	1__23337__1691483
---	---	T	0	28	A	12	72	1__23339__1691606
---	---	C	12	21	T	0	79	1__2340__169644
---	---	G	12	5	T	0	95	1__23434__1698504
---	---	T	12	94	A	0	6	1__23437__1698740
---	---	G	12	95	A	0	5	1__23490__1702576
---	---	G	12	84	A	0	24	1__23493__1702772
---	---	A	13	55	G	3	45	1__23494__1702865
---	---	G	12	79	A	0	21	1__23502__1703440
---	---	A	12	95	G	0	9	1__23687__1716830
---	---	T	12	91	G	0	9	1__23717__1718999
---	---	A	8	3	G	4	97	1__23791__1724387
---	---	T	13	69	C	3	31	1__23859__1729338
---	---	G	12	83	T	0	17	1__24153__1750612
---	---	C	12	41	T	0	59	1__24267__1758903
---	---	T	7	0	C	5	100	1__24272__1759270
---	---	C	0	100	T	12	0	1__24391__1767860
---	---	A	12	82	T	0	18	1__24471__1773639
---	---	T	12	0	A	0	100	1__24487__1774803
---	---	A	12	64	G	0	52	1__2450__177574
---	---	G	12	0	A	0	100	1__24551__1779445
---	---	A	12	1	G	0	99	1__24587__1782056
---	---	G	12	61	A	0	39	1__24602__1783121
---	---	G	12	32	A	0	68	1__2466__178746
---	---	C	12	82	T	0	18	1__24707__1790778
---	---	C	0	80	T	12	20	1__24748__1793730
---	---	T	1	98	A	11	2	1__24801__1797558
---	---	G	1	100	A	11	0	1__24910__1805445
---	---	C	12	99	T	0	1	1__24954__1808650
---	---	T	12	40	C	0	60	1__25048__1815487
---	---	A	0	101	C	12	3	1__25050__1815627
---	---	T	12	82	C	0	30	1__25064__1816610
---	---	T	12	5	C	4	95	1__25084__1818078
---	---	T	12	72	C	0	28	1__25092__1818669
---	---	G	14	80	A	6	28	1__25096__1818929
---	---	G	12	78	A	0	22	1__25106__1819644
---	---	G	12	67	A	0	33	1__25221__1828004
---	---	G	12	95	A	0	5	1__25232__1828781
---	---	G	12	67	A	0	33	1__25279__1832197
---	---	G	0	100	T	12	0	1__25328__1835753
---	---	C	0	101	G	12	7	1__25337__1836387
---	---	A	0	2	T	12	98	1__25368__1838667
---	---	G	0	5	A	12	95	1__25428__1843038
---	---	A	12	95	G	0	5	1__25493__1847750
---	---	T	12	100	C	4	0	1__25523__1849885
---	---	G	4	100	A	12	0	1__25595__1855102
---	---	A	11	12	G	1	88	1__256__18508
---	---	G	12	19	T	0	81	1__25688__1861879
---	---	G	12	7	A	0	93	1__25731__1864959
---	---	T	12	72	A	0	28	1__25813__1870949
---	---	C	0	10	T	12	90	1__25844__1873147
---	---	A	9	80	C	3	28	1__25924__1878950
---	---	T	0	100	C	12	0	1__25928__1879229
---	---	G	12	97	A	0	11	1__25957__1881328
---	---	C	3	0	G	9	100	1__26042__1887487
---	---	T	12	70	A	0	30	1__261__18914
---	---	G	0	1	A	12	99	1__26149__1895297
---	---	G	12	49	T	0	51	1__26216__1900101
---	---	C	3	22	G	13	78	1__26285__1905107
---	---	T	0	100	A	12	0	1__26294__1905736
---	---	A	8	27	T	4	77	1__2635__191012
---	---	G	0	52	A	12	48	1__26376__1911710
---	---	T	12	0	C	0	100	1__26423__1915100
---	---	C	10	72	T	2	36	1__26424__1915169
---	---	G	12	58	T	0	42	1__26474__1918790
---	---	A	13	73	C	3	27	1__26503__1920890
---	---	G	12	102	A	0	10	1__26542__1923734
---	---	A	12	3	T	0	101	1__26592__1927330
---	---	C	12	71	T	0	29	1__26624__1929649
---	---	T	0	1	C	12	99	1__26705__1935547
---	---	A	0	100	C	12	0	1__26716__1936340
---	---	A	0	74	G	12	46	1__26883__1948445
---	---	C	12	56	T	0	52	1__26988__1956064
---	---	C	12	60	T	0	40	1__27010__1957680
---	---	T	12	29	C	0	71	1__27028__1958954
---	---	G	12	92	A	0	24	1__27152__1967941
---	---	T	2	95	C	10	5	1__27233__1973826
---	---	G	5	99	T	7	1	1__27273__1976728
---	---	C	0	86	A	12	14	1__273__19795
---	---	A	13	20	C	3	84	1__27321__1980195
---	---	G	12	45	A	0	55	1__27361__1983108
---	---	G	12	85	A	0	31	1__27396__1985667
---	---	C	12	101	T	0	7	1__275__19887
---	---	G	12	18	C	0	82	1__27538__1995903
---	---	G	12	90	C	0	10	1__27609__2001055
---	---	T	4	48	C	8	52	1__27653__2004257
---	---	A	7	89	C	5	15	1__27715__2008733
---	---	C	12	0	T	0	100	1__27759__2011952
---	---	T	12	47	A	0	53	1__27874__2020274
---	---	T	12	79	C	0	25	1__27989__2028590
---	---	G	12	87	A	0	13	1__27998__2029243
---	---	A	0	101	C	12	3	1__28033__2031785
---	---	A	4	100	G	12	0	1__28151__2040345
---	---	A	12	47	T	0	57	1__28446__2061706
---	---	A	12	0	G	0	100	1__28450__2062024
---	---	G	7	0	A	5	100	1__28519__2066995
---	---	G	8	100	C	8	0	1__28588__2072013
---	---	G	12	81	A	0	19	1__28628__2074888
---	---	C	0	100	A	12	0	1__28672__2078068
---	---	C	6	0	G	6	100	1__28708__2080709
---	---	T	12	72	G	0	28	1__28778__2085757
---	---	C	3	44	T	13	56	1__28839__2090213
---	---	G	0	20	A	12	80	1__28888__2093716
---	---	A	12	32	C	0	72	1__2893__209677
---	---	A	3	103	T	9	9	1__28995__2101477
---	---	C	12	45	T	0	55	1__29009__2102498
---	---	T	12	54	G	0	46	1__29157__2113226
---	---	A	0	3	C	12	97	1__29179__2114865
---	---	T	0	91	A	12	25	1__29192__2115782
---	---	G	12	55	A	0	49	1__29217__2117580
---	---	T	0	35	G	12	65	1__29352__2127375
---	---	C	12	75	T	0	29	1__2936__212780
---	---	G	7	37	A	5	63	1__29385__2129767
---	---	T	12	10	C	0	90	1__29398__2130702
---	---	T	12	82	A	0	22	1__29438__2133630
---	---	G	12	22	A	0	78	1__29449__2134379
---	---	T	0	100	C	12	0	1__29488__2137206
---	---	G	12	80	A	0	20	1__29541__2141082
---	---	C	12	17	A	0	83	1__29542__2141154
---	---	G	12	83	A	0	17	1__29548__2141547
---	---	C	12	93	T	0	7	1__29553__2141963
---	---	C	12	43	T	0	61	1__29610__2146056
---	---	G	0	77	A	12	23	1__29626__2147210
---	---	C	10	0	A	2	100	1__29656__2149368
---	---	C	12	91	T	0	9	1__29755__2156561
---	---	G	6	59	A	6	57	1__29929__2169181
---	---	G	6	71	A	6	29	1__30044__2177487
---	---	A	13	14	T	3	86	1__30053__2178151
---	---	T	12	77	A	0	27	1__30139__2184397
---	---	T	0	1	C	12	99	1__302__21891
---	---	G	0	8	A	12	92	1__30234__2191275
---	---	G	12	77	A	0	23	1__30259__2193115
---	---	T	0	100	C	12	0	1__3037__220130
---	---	G	12	51	A	0	49	1__3043__220518
---	---	G	0	64	A	12	40	1__30430__2205467
---	---	G	12	83	A	0	17	1__30466__2208072
---	---	G	1	87	A	11	13	1__30671__2222921
---	---	C	12	72	T	0	28	1__30725__2226882
---	---	G	3	101	C	13	3	1__30763__2229590
---	---	T	6	20	C	6	80	1__30864__2236894
---	---	G	1	55	C	11	45	1__30950__2243167
---	---	C	12	59	A	0	41	1__30956__2243593
---	---	A	1	100	C	11	0	1__31058__2250961
---	---	T	0	100	C	12	0	1__31260__2265585
---	---	T	0	99	C	12	5	1__31268__2266169
---	---	A	0	100	G	12	0	1__3144__227859
---	---	A	12	44	C	0	56	1__31930__2313261
---	---	T	13	14	C	3	86	1__32365__2344253
---	---	A	12	72	C	0	28	1__32455__2350608
---	---	A	12	78	T	0	22	1__32519__2355132
---	---	G	13	60	T	3	40	1__3268__236806
---	---	T	12	66	C	0	34	1__3280__237676
---	---	T	12	79	C	0	21	1__33066__2393929
---	---	G	10	100	A	2	0	1__3311__239917
---	---	A	12	84	G	0	20	1__3345__242402
---	---	G	12	98	C	0	2	1__33461__2421919
---	---	G	12	62	A	0	38	1__33628__2433802
---	---	A	13	100	G	7	0	1__33638__2434518
---	---	G	14	97	A	6	3	1__33833__2448315
---	---	A	12	0	G	0	100	1__33857__2450042
---	---	G	12	0	A	0	100	1__33892__2452516
---	---	A	0	99	C	12	1	1__3402__246557
---	---	T	12	33	C	0	67	1__3421__247916
---	---	G	12	56	A	0	44	1__343__24825
---	---	G	0	94	A	12	6	1__34782__2515883
---	---	C	12	46	A	0	54	1__34788__2516264
---	---	T	0	89	C	12	11	1__34926__2526074
---	---	C	12	79	T	0	37	1__34955__2528123
---	---	T	12	84	C	0	16	1__3498__253472
---	---	A	0	60	G	12	40	1__35587__2572940
---	---	G	12	82	A	0	18	1__3591__260235
---	---	A	6	40	G	10	60	1__35969__2600046
---	---	C	0	80	G	12	20	1__361__26147
---	---	G	13	72	T	3	28	1__36318__2624748
---	---	G	12	60	A	0	40	1__3635__263405
---	---	A	9	68	C	3	32	1__3646__264232
---	---	A	0	1	C	12	99	1__3660__265253
---	---	C	0	54	G	12	46	1__36632__2647077
---	---	G	12	84	A	0	20	1__36889__2665351
---	---	C	0	28	T	12	80	1__3702__268306
---	---	T	0	70	G	12	42	1__37067__2677968
---	---	C	12	7	T	0	93	1__3802__275516
---	---	A	0	58	G	12	42	1__3814__276381
---	---	A	12	66	G	0	34	1__38315__2766511
---	---	A	0	100	G	12	0	1__3886__281611
---	---	A	12	43	T	0	57	1__39192__2828843
---	---	C	12	0	A	0	100	1__39327__2838473
---	---	T	0	51	A	12	49	1__3943__285750
---	---	C	6	95	T	6	9	1__39463__2848112
---	---	T	0	13	A	12	95	1__39479__2849229
---	---	C	3	8	A	9	96	1__39490__2850046
---	---	C	12	75	T	0	45	1__39764__2869500
---	---	T	0	87	C	12	13	1__39804__2872308
---	---	C	12	79	G	0	21	1__3989__289077
---	---	A	12	18	G	0	82	1__4003__290121
---	---	T	0	100	C	12	0	1__40062__2890627
---	---	G	3	100	C	13	0	1__4008__290475
---	---	G	12	24	A	0	76	1__40083__2892094
---	---	G	12	85	T	0	15	1__40255__2904270
---	---	G	12	6	A	0	102	1__40373__2912667
---	---	A	12	85	G	0	31	1__4046__293198
---	---	A	0	100	G	12	0	1__40600__2928733
---	---	A	12	2	G	0	98	1__4120__298562
---	---	G	0	66	C	12	42	1__4135__299632
---	---	T	0	102	G	12	6	1__41601__2999768
---	---	T	12	78	G	0	22	1__41703__3007009
---	---	T	7	14	C	9	102	1__4178__302762
---	---	C	12	70	G	0	42	1__42040__3030961
---	---	A	12	94	G	0	6	1__42319__3050665
---	---	A	2	78	C	10	22	1__4261__308800
---	---	C	0	100	T	12	0	1__4334__314083
---	---	G	3	71	A	9	29	1__4335__314119
---	---	A	12	17	G	0	83	1__4353__315439
---	---	C	0	97	T	12	3	1__4376__317085
---	---	A	12	35	G	0	65	1__4393__318339
---	---	A	12	84	G	0	16	1__4415__319936
---	---	T	0	11	C	12	89	1__4481__324699
---	---	C	2	0	T	10	100	1__4501__326180
---	---	A	12	82	C	0	18	1__4557__330219
---	---	C	12	82	T	0	18	1__4570__331198
---	---	A	0	2	G	12	98	1__4573__331388
---	---	T	1	94	C	11	10	1__4586__332346
---	---	T	0	12	C	12	88	1__4608__333927
---	---	C	12	96	T	0	4	1__4627__335346
---	---	T	12	64	G	0	36	1__4653__337203
---	---	G	12	3	C	0	101	1__4778__346239
---	---	A	12	76	G	0	36	1__4779__346334
---	---	T	12	8	C	0	92	1__4783__346606
---	---	C	0	36	T	12	64	1__4839__350661
---	---	T	0	100	C	12	0	1__4896__354814
---	---	C	14	38	G	6	62	1__4903__355332
---	---	G	0	100	C	12	0	1__4937__357759
---	---	G	12	0	A	0	100	1__4982__361036
---	---	C	12	71	T	0	33	1__499__36163
---	---	A	12	86	G	0	14	1__4997__362154
---	---	G	12	81	A	0	19	1__4999__362250
---	---	A	12	83	C	0	37	1__5018__363631
---	---	T	13	98	C	3	2	1__5059__366609
---	---	A	12	72	G	0	28	1__5061__366793
---	---	A	12	3	G	0	101	1__5110__370313
---	---	A	12	23	G	0	77	1__5157__373753
---	---	T	0	59	A	12	41	1__5237__379508
---	---	G	12	96	C	0	4	1__5296__383781
---	---	A	0	79	C	12	21	1__5345__387331
---	---	T	0	29	C	12	71	1__5585__404735
---	---	G	0	48	T	12	72	1__5597__405634
---	---	T	13	67	G	3	45	1__5634__408296
---	---	C	5	100	A	7	0	1__5645__409095
---	---	G	12	80	C	0	20	1__5695__412720
---	---	C	0	34	A	12	70	1__576__41702
---	---	C	5	78	T	7	30	1__5794__419926
---	---	A	0	62	G	12	50	1__5842__423411
---	---	G	0	47	A	12	53	1__586__42442
---	---	T	13	99	G	3	1	1__5908__428183
---	---	A	13	51	G	3	53	1__5935__430095
---	---	G	12	13	A	0	87	1__5941__430531
---	---	A	0	42	G	12	70	1__5953__431419
---	---	T	12	90	C	0	30	1__5981__433434
---	---	T	0	100	C	12	0	1__6056__438907
---	---	C	12	76	A	0	44	1__6077__440403
---	---	T	12	17	A	0	83	1__617__44740
---	---	C	12	75	G	0	33	1__6180__447922
---	---	A	11	71	G	1	29	1__6196__449028
---	---	C	12	43	T	0	57	1__6216__450488
---	---	A	0	100	C	12	0	1__6218__450653
---	---	T	0	100	C	12	0	1__6248__452844
---	---	C	12	73	T	0	27	1__6441__466833
---	---	A	12	2	G	0	98	1__6543__474198
---	---	G	12	3	A	0	101	1__6546__474397
---	---	C	0	36	A	12	68	1__6592__477767
---	---	G	12	80	T	0	20	1__6595__477958
---	---	A	13	86	C	3	14	1__6597__478118
---	---	T	12	68	G	0	32	1__6641__481290
---	---	G	12	101	A	0	11	1__6667__483185
---	---	A	12	52	C	0	48	1__671__48604
---	---	C	1	38	A	11	70	1__6719__486974
---	---	T	12	57	A	0	43	1__6720__487049
---	---	G	13	85	A	3	19	1__6738__488332
---	---	G	12	0	A	0	100	1__678__49151
---	---	A	12	89	G	0	11	1__682__49455
---	---	C	0	35	G	12	81	1__6824__494597
---	---	G	12	101	A	0	11	1__6826__494709
---	---	A	0	100	G	12	0	1__683__49519
---	---	C	0	10	T	12	90	1__684__49561
---	---	T	0	98	C	12	2	1__6899__499986
---	---	A	12	58	T	0	46	1__6916__501264
---	---	T	12	78	C	0	22	1__6959__504385
---	---	G	0	100	A	12	0	1__7100__514577
---	---	T	12	0	A	0	100	1__7105__514921
---	---	A	0	2	G	12	98	1__7192__521217
---	---	A	0	100	T	12	0	1__7238__524579
---	---	T	12	57	A	0	43	1__7493__543007
---	---	C	12	56	T	0	44	1__7534__546024
---	---	G	5	85	A	7	15	1__7562__548006
---	---	G	3	42	A	9	58	1__7584__549592
---	---	T	0	18	A	12	86	1__7627__552741
---	---	T	12	56	A	0	44	1__7666__555535
---	---	C	12	81	T	0	19	1__7668__555721
---	---	C	12	72	T	0	28	1__7679__556484
---	---	C	0	100	T	12	0	1__7680__556552
---	---	C	12	72	T	0	32	1__7728__560047
---	---	G	12	71	A	0	29	1__7779__563744
---	---	A	12	57	G	0	43	1__7781__563894
---	---	T	12	69	A	0	35	1__7903__572721
---	---	C	12	69	T	0	31	1__7943__575611
---	---	T	12	25	C	0	75	1__7949__576077
---	---	C	12	11	T	0	93	1__7979__578213
---	---	G	12	6	A	0	94	1__8097__586798
---	---	C	12	61	T	0	43	1__8123__588685
---	---	C	3	95	T	9	17	1__8129__589109
---	---	A	0	100	G	12	0	1__8155__590975
---	---	A	12	99	C	0	1	1__8175__592413
---	---	T	3	64	C	13	40	1__8219__595619
---	---	C	12	99	T	0	1	1__8307__601981
---	---	A	12	76	C	0	24	1__8328__603511
---	---	T	0	100	C	12	0	1__8338__604240
---	---	A	12	82	T	0	18	1__8375__606919
---	---	C	12	0	T	0	100	1__8416__609847
---	---	G	12	74	A	0	30	1__8462__613185
---	---	G	12	57	A	0	43	1__8488__615091
---	---	C	0	100	A	12	0	1__8569__621001
---	---	A	0	62	G	12	38	1__8594__622804
---	---	C	0	19	T	12	97	1__8707__631001
---	---	A	12	11	C	0	89	1__8738__633244
---	---	T	6	68	C	14	32	1__8752__634257
---	---	T	5	100	C	7	0	1__8913__645933
---	---	T	13	25	C	3	75	1__8948__648466
---	---	T	0	87	C	12	13	1__9116__660614
---	---	G	0	100	A	12	0	1__9266__671535
---	---	G	13	23	A	7	81	1__9344__677165
---	---	G	12	55	A	0	49	1__9350__677651
---	---	C	12	72	T	0	28	1__9369__678984
---	---	G	12	65	A	0	39	1__9447__684644
---	---	A	12	27	C	0	89	1__9468__686164
---	---	G	3	100	A	9	0	1__9511__689278
---	---	C	0	84	T	12	16	1__9580__694318
---	---	G	0	2	C	12	98	1__9593__695274
---	---	C	12	52	T	0	52	1__9614__696751
---	---	C	12	76	T	0	32	1__9641__698731
---	---	C	0	13	G	12	87	1__9645__699029
---	---	T	12	82	C	0	34	1__9651__699446
---	---	A	11	101	G	1	3	1__9696__702720
---	---	C	0	65	A	12	35	1__9720__704462
---	---	T	0	101	C	12	3	1__9726__704907
---	---	G	11	51	T	1	49	1__9734__705466
---	---	A	12	41	G	0	79	1__9752__706803
---	---	A	12	73	G	0	27	1__9759__707283
---	---	G	0	18	A	12	82	1__9782__708951
---	---	A	13	6	G	3	98	1__9787__709327
---	---	A	12	87	C	0	13	1__9817__711539
---	---	G	13	60	A	3	44	1__9838__713057
---	---	A	0	44	G	12	56	1__9866__715091
---	---	C	1	100	T	11	0	1__9905__717887
---	---	G	12	96	A	0	4	1__9936__720116
